client_id,horizon,MSE,MAE,RMSE,train_time_sec,inference_time_sec,model,exog_setting,context_rows,uses_future_exog,future_exog_strategy,prediction_strategy
313,24,38971052.5529,4352.3125,6242.6799,0,17.14,tabpfn_ts_exog_past_weather,past_exog_context_only,1000,False,calendar_known_weather_persisted,tabpfn_ts_trajectory
313,48,110233658.8153,7059.5113,10499.2218,0,15.98,tabpfn_ts_exog_past_weather,past_exog_context_only,1000,False,calendar_known_weather_persisted,tabpfn_ts_trajectory
313,168,2025007795.5167,28452.1745,45000.0866,0,19.85,tabpfn_ts_exog_past_weather,past_exog_context_only,1000,False,calendar_known_weather_persisted,tabpfn_ts_trajectory
155,24,6793592.4036,2150.2109,2606.4521,0,16.53,tabpfn_ts_exog_past_weather,past_exog_context_only,1000,False,calendar_known_weather_persisted,tabpfn_ts_trajectory
155,48,4983117.3767,1835.4635,2232.2897,0,16.24,tabpfn_ts_exog_past_weather,past_exog_context_only,1000,False,calendar_known_weather_persisted,tabpfn_ts_trajectory
155,168,77277366.4677,5485.0814,8790.7546,0,19.92,tabpfn_ts_exog_past_weather,past_exog_context_only,1000,False,calendar_known_weather_persisted,tabpfn_ts_trajectory
236,24,29666953.7918,4433.1476,5446.7379,0,17.4,tabpfn_ts_exog_past_weather,past_exog_context_only,1000,False,calendar_known_weather_persisted,tabpfn_ts_trajectory
236,48,17520614.5966,3178.6802,4185.7633,0,16.7,tabpfn_ts_exog_past_weather,past_exog_context_only,1000,False,calendar_known_weather_persisted,tabpfn_ts_trajectory
236,168,12883732.2243,2780.9627,3589.3916,0,16.76,tabpfn_ts_exog_past_weather,past_exog_context_only,1000,False,calendar_known_weather_persisted,tabpfn_ts_trajectory
167,24,794332.5865,790.7552,891.2534,0,14.51,tabpfn_ts_exog_past_weather,past_exog_context_only,1000,False,calendar_known_weather_persisted,tabpfn_ts_trajectory
167,48,541609.128,610.7466,735.941,0,15.91,tabpfn_ts_exog_past_weather,past_exog_context_only,1000,False,calendar_known_weather_persisted,tabpfn_ts_trajectory
167,168,2599011.2177,1083.2369,1612.1449,0,15.19,tabpfn_ts_exog_past_weather,past_exog_context_only,1000,False,calendar_known_weather_persisted,tabpfn_ts_trajectory
186,24,588580.8892,674.0785,767.1903,0,12.82,tabpfn_ts_exog_past_weather,past_exog_context_only,1000,False,calendar_known_weather_persisted,tabpfn_ts_trajectory
186,48,1461912.5879,867.7555,1209.0958,0,12.79,tabpfn_ts_exog_past_weather,past_exog_context_only,1000,False,calendar_known_weather_persisted,tabpfn_ts_trajectory
186,168,2010247.7403,980.4129,1417.8321,0,16.42,tabpfn_ts_exog_past_weather,past_exog_context_only,1000,False,calendar_known_weather_persisted,tabpfn_ts_trajectory
315,24,3728421.2753,1410.6291,1930.912,0,15.04,tabpfn_ts_exog_past_weather,past_exog_context_only,1000,False,calendar_known_weather_persisted,tabpfn_ts_trajectory
315,48,5971818.9234,1675.8095,2443.7305,0,15.47,tabpfn_ts_exog_past_weather,past_exog_context_only,1000,False,calendar_known_weather_persisted,tabpfn_ts_trajectory
315,168,4372589.5903,1441.0498,2091.0738,0,17.17,tabpfn_ts_exog_past_weather,past_exog_context_only,1000,False,calendar_known_weather_persisted,tabpfn_ts_trajectory
290,24,95072.3859,201.2932,308.3381,0,17.63,tabpfn_ts_exog_past_weather,past_exog_context_only,1000,False,calendar_known_weather_persisted,tabpfn_ts_trajectory
290,48,134295.5814,259.6024,366.4636,0,18.03,tabpfn_ts_exog_past_weather,past_exog_context_only,1000,False,calendar_known_weather_persisted,tabpfn_ts_trajectory
290,168,593018.1287,501.181,770.0767,0,18.45,tabpfn_ts_exog_past_weather,past_exog_context_only,1000,False,calendar_known_weather_persisted,tabpfn_ts_trajectory
179,24,485045.3626,488.7976,696.452,0,13.91,tabpfn_ts_exog_past_weather,past_exog_context_only,1000,False,calendar_known_weather_persisted,tabpfn_ts_trajectory
179,48,300317.8528,393.0655,548.0126,0,13.6,tabpfn_ts_exog_past_weather,past_exog_context_only,1000,False,calendar_known_weather_persisted,tabpfn_ts_trajectory
179,168,500392.2876,546.4696,707.3841,0,19.04,tabpfn_ts_exog_past_weather,past_exog_context_only,1000,False,calendar_known_weather_persisted,tabpfn_ts_trajectory
119,24,111111.3154,283.6611,333.3336,0,16.17,tabpfn_ts_exog_past_weather,past_exog_context_only,1000,False,calendar_known_weather_persisted,tabpfn_ts_trajectory
119,48,96855.8977,257.1524,311.2168,0,18.32,tabpfn_ts_exog_past_weather,past_exog_context_only,1000,False,calendar_known_weather_persisted,tabpfn_ts_trajectory
119,168,134202.3139,309.705,366.3363,0,18.07,tabpfn_ts_exog_past_weather,past_exog_context_only,1000,False,calendar_known_weather_persisted,tabpfn_ts_trajectory
314,24,277345.1803,457.2064,526.6357,0,14.27,tabpfn_ts_exog_past_weather,past_exog_context_only,1000,False,calendar_known_weather_persisted,tabpfn_ts_trajectory
314,48,230862.6142,384.8767,480.4816,0,16.05,tabpfn_ts_exog_past_weather,past_exog_context_only,1000,False,calendar_known_weather_persisted,tabpfn_ts_trajectory
314,168,2019083.768,774.2647,1420.9447,0,15.73,tabpfn_ts_exog_past_weather,past_exog_context_only,1000,False,calendar_known_weather_persisted,tabpfn_ts_trajectory
317,24,212.6628,9.3139,14.583,0,14.33,tabpfn_ts_exog_past_weather,past_exog_context_only,1000,False,calendar_known_weather_persisted,tabpfn_ts_trajectory
317,48,131.517,7.6374,11.4681,0,15.65,tabpfn_ts_exog_past_weather,past_exog_context_only,1000,False,calendar_known_weather_persisted,tabpfn_ts_trajectory
317,168,149.1607,7.9778,12.2131,0,16.19,tabpfn_ts_exog_past_weather,past_exog_context_only,1000,False,calendar_known_weather_persisted,tabpfn_ts_trajectory
240,24,2869.6284,34.2372,53.5689,0,14.31,tabpfn_ts_exog_past_weather,past_exog_context_only,1000,False,calendar_known_weather_persisted,tabpfn_ts_trajectory
240,48,2262.9976,29.7376,47.571,0,14.3,tabpfn_ts_exog_past_weather,past_exog_context_only,1000,False,calendar_known_weather_persisted,tabpfn_ts_trajectory
240,168,2943.3443,38.5726,54.2526,0,15.97,tabpfn_ts_exog_past_weather,past_exog_context_only,1000,False,calendar_known_weather_persisted,tabpfn_ts_trajectory
26,24,173.7785,10.5881,13.1825,0,14.57,tabpfn_ts_exog_past_weather,past_exog_context_only,1000,False,calendar_known_weather_persisted,tabpfn_ts_trajectory
26,48,495.0245,14.7803,22.2491,0,14.79,tabpfn_ts_exog_past_weather,past_exog_context_only,1000,False,calendar_known_weather_persisted,tabpfn_ts_trajectory
26,168,654.4011,19.042,25.5813,0,16.1,tabpfn_ts_exog_past_weather,past_exog_context_only,1000,False,calendar_known_weather_persisted,tabpfn_ts_trajectory
203,24,1696.4055,31.2822,41.1874,0,13.92,tabpfn_ts_exog_past_weather,past_exog_context_only,1000,False,calendar_known_weather_persisted,tabpfn_ts_trajectory
203,48,1788.8154,31.1181,42.2944,0,14.96,tabpfn_ts_exog_past_weather,past_exog_context_only,1000,False,calendar_known_weather_persisted,tabpfn_ts_trajectory
203,168,3265.8811,42.7338,57.1479,0,15.86,tabpfn_ts_exog_past_weather,past_exog_context_only,1000,False,calendar_known_weather_persisted,tabpfn_ts_trajectory
134,24,2220.4441,36.2601,47.1216,0,14.85,tabpfn_ts_exog_past_weather,past_exog_context_only,1000,False,calendar_known_weather_persisted,tabpfn_ts_trajectory
134,48,2149.1818,35.1698,46.3593,0,15.62,tabpfn_ts_exog_past_weather,past_exog_context_only,1000,False,calendar_known_weather_persisted,tabpfn_ts_trajectory
134,168,1773.0449,27.8011,42.1075,0,16.51,tabpfn_ts_exog_past_weather,past_exog_context_only,1000,False,calendar_known_weather_persisted,tabpfn_ts_trajectory
133,24,467184.3406,576.2399,683.5088,0,14.55,tabpfn_ts_exog_past_weather,past_exog_context_only,1000,False,calendar_known_weather_persisted,tabpfn_ts_trajectory
133,48,476877.245,572.5319,690.563,0,15.4,tabpfn_ts_exog_past_weather,past_exog_context_only,1000,False,calendar_known_weather_persisted,tabpfn_ts_trajectory
133,168,1003791.3951,864.8794,1001.8939,0,17.46,tabpfn_ts_exog_past_weather,past_exog_context_only,1000,False,calendar_known_weather_persisted,tabpfn_ts_trajectory
220,24,1182.7839,28.4498,34.3916,0,14.04,tabpfn_ts_exog_past_weather,past_exog_context_only,1000,False,calendar_known_weather_persisted,tabpfn_ts_trajectory
220,48,1487.997,30.5108,38.5746,0,14.04,tabpfn_ts_exog_past_weather,past_exog_context_only,1000,False,calendar_known_weather_persisted,tabpfn_ts_trajectory
220,168,4576.6082,54.166,67.6506,0,14.55,tabpfn_ts_exog_past_weather,past_exog_context_only,1000,False,calendar_known_weather_persisted,tabpfn_ts_trajectory
29,24,1221.8847,31.3841,34.9555,0,14.7,tabpfn_ts_exog_past_weather,past_exog_context_only,1000,False,calendar_known_weather_persisted,tabpfn_ts_trajectory
29,48,3008.8847,43.4319,54.8533,0,14.96,tabpfn_ts_exog_past_weather,past_exog_context_only,1000,False,calendar_known_weather_persisted,tabpfn_ts_trajectory
29,168,2743.6382,38.177,52.3797,0,15.97,tabpfn_ts_exog_past_weather,past_exog_context_only,1000,False,calendar_known_weather_persisted,tabpfn_ts_trajectory
62,24,104.9203,8.5371,10.2431,0,14.21,tabpfn_ts_exog_past_weather,past_exog_context_only,1000,False,calendar_known_weather_persisted,tabpfn_ts_trajectory
62,48,158.8718,9.7993,12.6044,0,14.9,tabpfn_ts_exog_past_weather,past_exog_context_only,1000,False,calendar_known_weather_persisted,tabpfn_ts_trajectory
62,168,155.2468,9.1675,12.4598,0,16.32,tabpfn_ts_exog_past_weather,past_exog_context_only,1000,False,calendar_known_weather_persisted,tabpfn_ts_trajectory
269,24,2.4792,1.1873,1.5745,0,14.37,tabpfn_ts_exog_past_weather,past_exog_context_only,1000,False,calendar_known_weather_persisted,tabpfn_ts_trajectory
269,48,1.8673,0.9991,1.3665,0,14.62,tabpfn_ts_exog_past_weather,past_exog_context_only,1000,False,calendar_known_weather_persisted,tabpfn_ts_trajectory
269,168,1.6917,0.8657,1.3006,0,15.86,tabpfn_ts_exog_past_weather,past_exog_context_only,1000,False,calendar_known_weather_persisted,tabpfn_ts_trajectory
