model,client,horizon,rmse,mae,mean_actual,nmae,nrmse
ARIMA,313,24,26444.4963,18124.3275,160037.5,0.11325050378817464,0.16523937389674295
ARIMA,313,48,32491.3555,24466.9417,162718.75,0.1503633828308047,0.19967800576147496
ARIMA,313,168,75005.7824,60149.5274,185339.88095238095,0.32453634420675015,0.4046931616367613
ARIMA,155,24,12619.8472,9086.5775,68197.625,0.13323891411174507,0.1850481919275048
ARIMA,155,48,14311.5965,10623.9542,67988.39583333333,0.1562612865001779,0.21050057623191212
ARIMA,155,168,19508.7622,15582.1832,72612.46428571429,0.2145937801902369,0.26866960640858095
ARIMA,236,24,3982.448,3375.5369,46083.291666666664,0.07324860655389381,0.08641847958271211
ARIMA,236,48,4312.9957,3638.9604,45068.8125,0.08074231820507807,0.09569801068088937
ARIMA,236,168,5817.8192,5024.2746,45445.32142857143,0.11055647626779119,0.1280180009100418
ARIMA,167,24,4400.263,3535.1221,22328.791666666668,0.15832124517859042,0.19706677663927924
ARIMA,167,48,4638.6646,3926.3014,22571.5625,0.173949029891041,0.2055092375638594
ARIMA,167,168,5428.6884,4861.4179,23553.589285714286,0.2063981774085084,0.2304824260178726
ARIMA,186,24,8626.3524,6200.7369,21295.75,0.2911725062512473,0.40507389502600283
ARIMA,186,48,7903.1878,6155.1956,21867.0,0.28148331275437877,0.36142076187862987
ARIMA,186,168,8486.4589,7503.5762,22300.440476190477,0.3364765914830852,0.3805511783079236
ARIMA,315,24,14075.5977,10682.6592,15169.458333333334,0.7042215328497227,0.9278905937643346
ARIMA,315,48,13902.5345,10665.2248,15534.0625,0.6865702259148243,0.8949709388641895
ARIMA,315,168,13923.3118,10809.2737,15138.630952380952,0.7140192355570933,0.9197206698410326
ARIMA,290,24,6377.1511,4641.3652,11255.541666666666,0.412362668759463,0.5665787830439081
ARIMA,290,48,6397.0367,4717.6786,11390.9375,0.4141606957285123,0.5615900096019313
ARIMA,290,168,6825.7544,5212.35,11793.77380952381,0.4419577723112579,0.5787591410722163
ARIMA,179,24,1999.5766,1803.1631,10713.291666666666,0.1683108381722082,0.18664446579210406
ARIMA,179,48,2257.9417,2063.4303,10727.625,0.19234735554234977,0.21047917875578237
ARIMA,179,168,3463.1657,3161.8806,10976.940476190477,0.2880475308086324,0.31549462325242417
ARIMA,119,24,254.284,198.2487,10409.708333333334,0.019044596990789846,0.024427581624525182
ARIMA,119,48,316.0512,251.9561,10531.104166666666,0.02392494614168742,0.030011212024696685
ARIMA,119,168,452.3174,377.1044,10688.47619047619,0.03528139963823967,0.042318230582113356
ARIMA,314,24,1734.5741,1329.2545,7330.25,0.1813382217523277,0.23663232495481054
ARIMA,314,48,1749.5586,1361.9872,7309.6875,0.18632632379975206,0.23934793382070027
ARIMA,314,168,2154.1915,1699.3262,8043.922619047619,0.21125591088806323,0.26780360801817993
ARIMA,317,24,28.1659,26.256,45.041666666666664,0.5829269195189639,0.6253298797409806
ARIMA,317,48,30.4068,27.67,39.375,0.7027301587301588,0.7722361904761905
ARIMA,317,168,30.3037,24.6012,42.642857142857146,0.5769125628140703,0.7106395309882746
ARIMA,240,24,123.9802,102.6588,966.75,0.10618960434445307,0.12824432376519265
ARIMA,240,48,160.5392,135.1772,969.9375,0.1393669179715188,0.16551499452284296
ARIMA,240,168,202.7533,178.9563,990.9107142857143,0.18059780504946746,0.20461308680686957
ARIMA,26,24,46.2588,40.4721,289.5833333333333,0.13975976978417265,0.15974261870503598
ARIMA,26,48,59.6282,45.669,299.625,0.15242052565707132,0.19900942845223196
ARIMA,26,168,58.7579,47.7744,302.7261904761905,0.15781389751858113,0.1940958590585552
ARIMA,203,24,139.1615,118.0254,737.2916666666666,0.16007966092116419,0.1887468776490534
ARIMA,203,48,149.4395,127.4179,739.875,0.17221544179760095,0.20197938841020444
ARIMA,203,168,164.3341,145.0325,764.1607142857143,0.1897931904750777,0.21505175145467717
ARIMA,134,24,247.3244,175.0417,380.2083333333333,0.4603836493150685,0.6504970520547946
ARIMA,134,48,257.0018,177.4167,382.25,0.46413786788750816,0.6723395683453237
ARIMA,134,168,235.3796,163.9226,318.80357142857144,0.5141805634907298,0.7383217162381672
ARIMA,133,24,1281.2744,1103.1613,10882.916666666666,0.10136632796048854,0.11773262988628969
ARIMA,133,48,1249.2229,1084.4691,10897.291666666666,0.09951730514080334,0.11463608924235763
ARIMA,133,168,1532.9554,1269.395,10532.994047619048,0.12051606544740648,0.1455384283964843
ARIMA,220,24,98.0969,84.1976,643.375,0.13086862249854284,0.15247235282688945
ARIMA,220,48,96.1647,81.674,650.0208333333334,0.12564828050383,0.14794095061055734
ARIMA,220,168,99.6041,84.1668,677.3988095238095,0.12424999692450989,0.14703908332820753
ARIMA,29,24,103.7663,91.7293,181.33333333333334,0.5058601102941176,0.572240625
ARIMA,29,48,122.5644,99.3664,202.95833333333334,0.4895901457606241,0.603889468281667
ARIMA,29,168,118.2883,100.7297,152.20833333333334,0.6617883383520393,0.7771473309608541
ARIMA,62,24,53.5491,45.3509,157.625,0.28771387787470265,0.3397246629659001
ARIMA,62,48,55.8309,48.6967,158.25,0.30772006319115325,0.35280189573459714
ARIMA,62,168,52.6099,44.2414,158.75595238095238,0.27867553522552585,0.3313885193656031
ARIMA,269,24,38.805,33.8281,303.375,0.11150589204779562,0.12791100123609395
ARIMA,269,48,36.6164,31.2952,306.0,0.10227189542483661,0.11966143790849673
ARIMA,269,168,54.3117,41.4001,304.9761904761905,0.13574862986962294,0.17808504957451793
XGBoost,313,24,34511.4602,25910.1636,160037.5,0.16190057705225339,0.21564608419901587
XGBoost,313,48,42585.3843,32948.6447,162718.75,0.20248831004417128,0.261711599308623
XGBoost,313,168,82748.575,68055.5597,185339.88095238095,0.3671932848466941,0.44646934364471963
XGBoost,155,24,7086.9303,5568.7241,68197.625,0.0816556896226225,0.10391755284733156
XGBoost,155,48,8297.7386,5866.8,67988.39583333333,0.08629119613855674,0.12204639480450556
XGBoost,155,168,13007.6978,9927.6914,72612.46428571429,0.13672158764556852,0.17913863587961334
XGBoost,236,24,2908.0847,2384.5699,46083.291666666664,0.05174478240938735,0.06310496917266652
XGBoost,236,48,3952.4408,3173.4168,45068.8125,0.0704127005786984,0.08769791305240181
XGBoost,236,168,5201.1445,4229.6404,45445.32142857143,0.09307097556011189,0.1144484038510958
XGBoost,167,24,2536.5577,1900.6348,22328.791666666668,0.0851203606703602,0.11360031200374701
XGBoost,167,48,2703.156,2039.3623,22571.5625,0.09035095820238409,0.11975936535186697
XGBoost,167,168,3441.5215,2896.796,23553.589285714286,0.1229874548995793,0.14611452455305188
XGBoost,186,24,3999.5121,2841.3528,21295.75,0.13342346712372188,0.18780799455290376
XGBoost,186,48,3490.7915,2544.549,21867.0,0.11636479626834957,0.15963742168564501
XGBoost,186,168,4744.6118,3776.9269,22300.440476190477,0.16936557392364127,0.212758658514646
XGBoost,315,24,4638.8532,3268.9666,15169.458333333334,0.2154965937588411,0.3058021649861152
XGBoost,315,48,5591.2602,4064.851,15534.0625,0.26167340320666277,0.35993547727775654
XGBoost,315,168,6628.4399,5367.4633,15138.630952380952,0.35455407539053746,0.4378493617322445
XGBoost,290,24,1599.8297,1328.425,11255.541666666666,0.11802408443248326,0.14213706877723195
XGBoost,290,48,1940.3695,1628.8516,11390.9375,0.142995394365038,0.17034326630270774
XGBoost,290,168,3173.3319,2494.276,11793.77380952381,0.21149091378925725,0.2690684043336022
XGBoost,179,24,2014.7096,1551.2108,10713.291666666666,0.1447931082494876,0.18805701017816653
XGBoost,179,48,2121.306,1611.7298,10727.625,0.15024106454131275,0.19774237074841822
XGBoost,179,168,2524.2221,1934.6807,10976.940476190477,0.17624953913127409,0.2299567994811634
XGBoost,119,24,369.6433,338.7548,10409.708333333334,0.032542198988924596,0.03550947713072332
XGBoost,119,48,484.1442,430.0631,10531.104166666666,0.040837417728831066,0.04597278617112403
XGBoost,119,168,497.046,454.0443,10688.47619047619,0.042479797111263574,0.04650298051305812
XGBoost,314,24,1512.6007,1172.4304,7330.25,0.1599441219603697,0.2063504928208451
XGBoost,314,48,1891.4047,1522.3341,7309.6875,0.20826254200333463,0.25875315463212345
XGBoost,314,168,2818.9609,2286.5561,8043.922619047619,0.28425883841616595,0.35044604896183823
XGBoost,317,24,17.8635,14.315,45.041666666666664,0.3178168362627197,0.39659944495837185
XGBoost,317,48,18.8359,13.3419,39.375,0.3388419047619048,0.47837206349206346
XGBoost,317,168,17.4725,11.5354,42.642857142857146,0.2705118927973199,0.4097403685092127
XGBoost,240,24,64.7862,50.0895,966.75,0.0518122575640031,0.06701442979053529
XGBoost,240,48,95.2095,71.0495,969.9375,0.07325162703782459,0.09816044848250532
XGBoost,240,168,131.1954,95.4463,990.9107142857143,0.09632179632733234,0.13239881061793804
XGBoost,26,24,31.441,26.4656,289.5833333333333,0.091392,0.10857323741007195
XGBoost,26,48,40.4463,29.4853,299.625,0.09840734251147266,0.13498973717146434
XGBoost,26,168,40.2469,32.1659,302.7261904761905,0.10625410358252389,0.132948193007983
XGBoost,203,24,88.3961,66.5606,737.2916666666666,0.0902771630404069,0.11989298671941227
XGBoost,203,48,100.0024,76.3847,739.875,0.10324000675789828,0.13516120966379455
XGBoost,203,168,108.8667,86.7875,764.1607142857143,0.11357231322879908,0.1424657116818171
XGBoost,134,24,110.3721,86.1997,380.2083333333333,0.22671701917808224,0.29029374246575346
XGBoost,134,48,112.5279,86.359,382.25,0.22592282537606279,0.2943829954218444
XGBoost,134,168,120.2794,90.6752,318.80357142857144,0.2844234134319162,0.37728372822494816
XGBoost,133,24,1011.8494,879.4662,10882.916666666666,0.08081162678509897,0.0929759393544929
XGBoost,133,48,1103.2417,961.5573,10897.291666666666,0.0882381906819355,0.10123999005869196
XGBoost,133,168,1177.8724,950.7507,10532.994047619048,0.0902640498705033,0.1118269311341968
XGBoost,220,24,77.0818,56.875,643.375,0.08840101029726054,0.1198085098115407
XGBoost,220,48,87.5798,66.2958,650.0208333333334,0.10199026954264286,0.13473383545399187
XGBoost,220,168,117.404,91.7681,677.3988095238095,0.1354713039199318,0.17331592313032168
XGBoost,29,24,65.6674,50.6155,181.33333333333334,0.27912959558823525,0.3621363970588235
XGBoost,29,48,81.9663,60.5122,202.95833333333334,0.2981508519811127,0.4038577704783412
XGBoost,29,168,85.8167,66.5663,152.20833333333334,0.4373367643033123,0.5638107856556255
XGBoost,62,24,21.1212,17.3574,157.625,0.11011831879460744,0.13399651070578908
XGBoost,62,48,27.1254,22.4587,158.25,0.14191911532385465,0.1714085308056872
XGBoost,62,168,28.5572,23.8208,158.75595238095238,0.15004665741816953,0.1798811293164861
XGBoost,269,24,35.6611,29.0285,303.375,0.09568520807581377,0.11754791924186238
XGBoost,269,48,38.6117,32.2144,306.0,0.10527581699346404,0.12618202614379084
XGBoost,269,168,60.9372,44.0084,304.9761904761905,0.14430110078850808,0.19980969630728393
LSTM,313,24,15623.693,12622.3044,160037.5,0.07887091712879794,0.09762520034366945
LSTM,313,48,17945.6473,14335.4564,162718.75,0.08809959761859035,0.1102862903015172
LSTM,313,168,41615.2754,30545.7511,185339.88095238095,0.16480938124616615,0.22453492031049777
LSTM,155,24,3874.1823,3382.1615,68197.625,0.04959353789813062,0.05680817037250197
LSTM,155,48,4251.7919,3696.485,67988.39583333333,0.054369351632616233,0.06253702338297314
LSTM,155,168,8420.9657,5963.1482,72612.46428571429,0.0821229283244858,0.11597135261606503
LSTM,236,24,7001.7649,5264.0627,46083.291666666664,0.11422931196140323,0.15193716956344447
LSTM,236,48,5565.2795,4012.0532,45068.8125,0.08902061042766547,0.12348405008452353
LSTM,236,168,4956.4057,3977.1643,45445.32142857143,0.08751537396981773,0.10906305741043594
LSTM,167,24,621.9785,470.2102,22328.791666666668,0.021058470472540124,0.027855448216148434
LSTM,167,48,588.42,462.0153,22571.5625,0.020468910825291783,0.026069085824253414
LSTM,167,168,1398.6786,926.3073,23553.589285714286,0.03932764933461006,0.0593828219993768
LSTM,186,24,653.1844,584.7218,21295.75,0.027457206250073373,0.03067205428313161
LSTM,186,48,1237.3994,939.2917,21867.0,0.0429547583116111,0.056587524580417985
LSTM,186,168,1468.8045,1114.7295,22300.440476190477,0.049986882599478866,0.06586437167320526
LSTM,315,24,2283.2508,1636.7604,15169.458333333334,0.10789840771066862,0.15051630386714532
LSTM,315,48,2825.7474,1906.2577,15534.0625,0.12271469230923979,0.18190652960228532
LSTM,315,168,2601.7277,1857.2189,15138.630952380952,0.12268076986894928,0.17186017072374757
LSTM,290,24,854.8706,622.4033,11255.541666666666,0.05529749863955903,0.0759510848359882
LSTM,290,48,880.3171,639.7079,11390.9375,0.056159372308029955,0.077282234232257
LSTM,290,168,1628.4761,1104.0068,11793.77380952381,0.09360929061641686,0.13807930576767202
LSTM,179,24,639.6147,468.5555,10713.291666666666,0.04373590438668477,0.05970291110341904
LSTM,179,48,552.3889,425.0783,10727.625,0.039624641987392364,0.05149218955733446
LSTM,179,168,714.844,559.5401,10976.940476190477,0.050974139944884464,0.06512233545864003
LSTM,119,24,312.1045,225.4398,10409.708333333334,0.021656687467228108,0.029982060016090745
LSTM,119,48,418.8328,333.6837,10531.104166666666,0.03168553788084108,0.03977102432674637
LSTM,119,168,543.2776,456.8594,10688.47619047619,0.042743174224131014,0.05082834917891098
LSTM,314,24,1211.0159,917.8571,7330.25,0.12521497902527198,0.1652079942703182
LSTM,314,48,1199.4676,843.3568,7309.6875,0.11537521952887864,0.16409286990722927
LSTM,314,168,1662.1393,1095.3969,8043.922619047619,0.1361769564274715,0.20663293006625086
LSTM,317,24,12.9909,10.257,45.041666666666664,0.22772247918593894,0.2884196114708603
LSTM,317,48,15.4251,11.2609,39.375,0.2859911111111111,0.39174857142857145
LSTM,317,168,13.9171,10.0223,42.642857142857146,0.235028810720268,0.32636415410385256
LSTM,240,24,74.6038,55.1168,966.75,0.05701246444272045,0.07716969226790794
LSTM,240,48,63.0716,47.2563,969.9375,0.04872097428958052,0.06502645789032799
LSTM,240,168,68.6053,55.843,990.9107142857143,0.056355228775837526,0.06923459299706258
LSTM,26,24,49.3254,40.2845,289.5833333333333,0.1391119424460432,0.17033231654676262
LSTM,26,48,47.919,39.387,299.625,0.13145431789737172,0.1599299123904881
LSTM,26,168,57.1287,45.5607,302.7261904761905,0.150501348853671,0.1887140980769987
LSTM,203,24,53.1318,44.4735,737.2916666666666,0.06032009042102289,0.07206347555806725
LSTM,203,48,51.5452,42.4989,739.875,0.057440648758236186,0.06966744382497043
LSTM,203,168,72.6476,57.516,764.1607142857143,0.07526688944453531,0.09506848316313415
LSTM,134,24,80.7457,66.9775,380.2083333333333,0.17616000000000004,0.21237225205479454
LSTM,134,48,79.0388,63.4907,382.25,0.16609731850882928,0.20677253106605623
LSTM,134,168,70.6957,53.1966,318.80357142857144,0.16686324987397075,0.2217531619335686
LSTM,133,24,806.404,685.8574,10882.916666666666,0.06302146942838546,0.07409815077146904
LSTM,133,48,812.3322,672.6018,10897.291666666666,0.061721923260749045,0.07454441202898274
LSTM,133,168,1059.2103,915.9471,10532.994047619048,0.08695980419803305,0.10056117901627708
LSTM,220,24,38.2335,28.741,643.375,0.04467223625412862,0.05942646201670876
LSTM,220,48,36.8694,29.0124,650.0208333333334,0.04463303099259639,0.056720335886670296
LSTM,220,168,39.1386,28.637,677.3988095238095,0.0422749488150576,0.05777778090208518
LSTM,29,24,31.2299,25.4185,181.33333333333334,0.14017555147058824,0.17222371323529412
LSTM,29,48,61.0972,46.4893,202.95833333333334,0.22905834530897146,0.3010332169985629
LSTM,29,168,55.7951,40.1766,152.20833333333334,0.26395795236791675,0.3665705995072543
LSTM,62,24,12.0907,9.1111,157.625,0.05780237906423474,0.07670547184773989
LSTM,62,48,14.0384,10.2395,158.25,0.06470458135860979,0.08871026856240126
LSTM,62,168,13.936,10.0576,158.75595238095238,0.06335258520490421,0.08778253533800758
LSTM,269,24,11.7049,8.9804,303.375,0.029601648125257517,0.03858228265348167
LSTM,269,48,11.9646,9.098,306.0,0.029732026143790852,0.0391
LSTM,269,168,25.8341,14.1678,304.9761904761905,0.04645542977593879,0.08470857990475447
iTransformer,313,24,9364.0514,7131.5133,160037.5,0.04456151402015152,0.05851160759197063
iTransformer,313,48,12788.8923,9497.9862,162718.75,0.05837057007874016,0.07859507463030535
iTransformer,313,168,42244.5422,29196.5243,185339.88095238095,0.15752963771192566,0.22793012482215752
iTransformer,155,24,4174.2783,2990.0532,68197.625,0.04384394911113107,0.06120855821592028
iTransformer,155,48,4029.2438,3008.1663,67988.39583333333,0.04424529014295638,0.05926369861523551
iTransformer,155,168,8408.4544,5713.3889,72612.46428571429,0.07868330810973519,0.11579905024176781
iTransformer,236,24,6149.9639,4857.7186,46083.291666666664,0.10541171049883409,0.13345322518374791
iTransformer,236,48,4927.522,3666.3002,45068.8125,0.08134894168778022,0.1093333000508944
iTransformer,236,168,4199.1879,3363.5299,45445.32142857143,0.07401267708682883,0.09240088457950646
iTransformer,167,24,809.7949,621.8173,22328.791666666668,0.027848228837580778,0.03626684829564221
iTransformer,167,48,948.3168,719.0622,22571.5625,0.03185699705104598,0.04201378615237647
iTransformer,167,168,1777.1525,1278.1564,23553.589285714286,0.0542658863791612,0.07545145151519976
iTransformer,186,24,1329.1094,1032.584,21295.75,0.048487796860876,0.062411955437117736
iTransformer,186,48,1756.2668,1404.7135,21867.0,0.06423896739378973,0.08031585494123565
iTransformer,186,168,1824.9334,1420.8325,22300.440476190477,0.06371320340138487,0.0818339620667326
iTransformer,315,24,1722.7668,1191.5365,15169.458333333334,0.0785483880714264,0.11356811575891251
iTransformer,315,48,2341.3606,1620.8828,15534.0625,0.10434377999959767,0.15072429378985697
iTransformer,315,168,2247.8667,1611.3417,15138.630952380952,0.10643906341785639,0.14848546787822073
iTransformer,290,24,915.8717,770.5399,11255.541666666666,0.06845871330048532,0.08137073515638593
iTransformer,290,48,880.4804,737.7712,11390.9375,0.06476825985569669,0.07729657019011825
iTransformer,290,168,1539.1517,990.5432,11793.77380952381,0.08398865503085264,0.13050544506433479
iTransformer,179,24,894.2842,745.4507,10713.291666666666,0.06958185431648381,0.08347426989059542
iTransformer,179,48,843.8281,697.6081,10727.625,0.06502912806888757,0.07865935843208538
iTransformer,179,168,854.0996,682.0851,10976.940476190477,0.06213799751210058,0.07780852978592569
iTransformer,119,24,203.9755,161.3769,10409.708333333334,0.015502538095447759,0.01959473728450605
iTransformer,119,48,311.12,252.2901,10531.104166666666,0.023956661714405542,0.02954296103012307
iTransformer,119,168,485.4415,393.3089,10688.47619047619,0.03679747168735353,0.04541727851090182
iTransformer,314,24,960.241,729.9547,7330.25,0.09958114661846458,0.1309970328433546
iTransformer,314,48,978.8278,761.55,7309.6875,0.10418366038219827,0.1339082963532983
iTransformer,314,168,1743.3362,1125.389,8043.922619047619,0.13990549801351063,0.21672712214708087
iTransformer,317,24,37.0862,26.9274,45.041666666666664,0.5978331174838113,0.8233753931544866
iTransformer,317,48,32.913,23.6831,39.375,0.6014755555555555,0.8358857142857142
iTransformer,317,168,31.2232,23.3282,42.642857142857146,0.5470599664991624,0.7322023450586264
iTransformer,240,24,70.0506,48.2649,966.75,0.049924903025601236,0.0724598913886734
iTransformer,240,48,65.6772,46.7624,969.9375,0.04821176622205039,0.06771281654745795
iTransformer,240,168,68.3584,53.4015,990.9107142857143,0.053891333729794016,0.068985428267647
iTransformer,26,24,33.9012,29.5472,289.5833333333333,0.1020334964028777,0.11706889208633095
iTransformer,26,48,42.7549,31.8388,299.625,0.10626216103462661,0.1426947017104714
iTransformer,26,168,40.5597,32.5079,302.7261904761905,0.10738383735105587,0.13398146997522514
iTransformer,203,24,37.8764,31.4462,737.2916666666666,0.04265096354902515,0.05137234246962419
iTransformer,203,48,39.4561,29.5222,739.875,0.03990160500084474,0.0533280621726643
iTransformer,203,168,59.585,44.878,764.1607142857143,0.05872848363050031,0.07797443507115649
iTransformer,134,24,89.2785,69.2886,380.2083333333333,0.18223850958904111,0.23481468493150684
iTransformer,134,48,95.2918,75.8979,382.25,0.19855565729234795,0.24929182472204053
iTransformer,134,168,136.5173,97.7641,318.80357142857144,0.30665936257211673,0.42821759928303366
iTransformer,133,24,717.6473,625.0533,10882.916666666666,0.05743435506719247,0.06594255216509055
iTransformer,133,48,674.0912,558.9492,10897.291666666666,0.051292487812338694,0.06185859942263942
iTransformer,133,168,1367.2374,981.0521,10532.994047619048,0.09314085772428249,0.12980520009968674
iTransformer,220,24,45.2212,39.7532,643.375,0.061788537011851566,0.07028746842821061
iTransformer,220,48,46.6694,39.7236,650.0208333333334,0.061111272074612984,0.07179677574436717
iTransformer,220,168,62.6884,50.3123,677.3988095238095,0.07427279069971794,0.09254282576030509
iTransformer,29,24,45.1383,38.6762,181.33333333333334,0.21328786764705882,0.24892444852941176
iTransformer,29,48,70.6228,56.1842,202.95833333333334,0.27682627797166903,0.3479669882980907
iTransformer,29,168,86.8877,67.6921,152.20833333333334,0.44473320558445106,0.5708471940870516
iTransformer,62,24,14.4233,11.6085,157.625,0.07364631245043615,0.09150388580491672
iTransformer,62,48,20.3297,15.2995,158.25,0.09667930489731438,0.12846571879936808
iTransformer,62,168,18.3886,14.3088,158.75595238095238,0.09013079374601628,0.11582935772936898
iTransformer,269,24,23.3588,17.6981,303.375,0.05833737124021426,0.07699645653069633
iTransformer,269,48,22.9553,17.4951,306.0,0.057173529411764706,0.07501732026143791
iTransformer,269,168,28.6146,20.1563,304.9761904761905,0.06609138886720275,0.09382568506518854
TabPFN-TS,313,24,6610.4338,5126.3857,160037.5,0.03203240303053972,0.04130553026634382
TabPFN-TS,313,48,11101.3834,8494.703,162718.75,0.05220481966583445,0.06822436504705205
TabPFN-TS,313,168,44218.1962,28989.2081,185339.88095238095,0.15641106463993115,0.23857896084092609
TabPFN-TS,155,24,3477.342,2862.4521,68197.625,0.04197290008266417,0.05098919500495802
TabPFN-TS,155,48,2954.7726,2428.5131,67988.39583333333,0.03571952346034541,0.04345995465525214
TabPFN-TS,155,168,10222.8952,6674.6082,72612.46428571429,0.0919209706716035,0.14078705771195324
TabPFN-TS,236,24,5648.3149,4599.875,46083.291666666664,0.09981654594624408,0.12256752275544554
TabPFN-TS,236,48,4529.0755,3564.1223,45068.8125,0.07908178854279775,0.10049245251358686
TabPFN-TS,236,168,4354.9802,3709.9844,45445.32142857143,0.08163622312213499,0.09582901084427205
TabPFN-TS,167,24,858.8834,678.5282,22328.791666666668,0.03038803935875019,0.03846528790369683
TabPFN-TS,167,48,992.0458,852.8067,22571.5625,0.037782351133201345,0.04395113541652245
TabPFN-TS,167,168,2177.9346,1741.4669,23553.589285714286,0.07393637032875638,0.09246720631750847
TabPFN-TS,186,24,752.6592,600.7794,21295.75,0.028211234636018923,0.03534316471596446
TabPFN-TS,186,48,1559.9432,1109.9761,21867.0,0.050760328348653225,0.07133777838752457
TabPFN-TS,186,168,1901.9398,1508.1427,22300.440476190477,0.06762838167300775,0.08528709565313947
TabPFN-TS,315,24,1465.5793,1111.524,15169.458333333334,0.07327380949111015,0.09661381888498546
TabPFN-TS,315,48,1766.8604,1173.5866,15534.0625,0.07554923897081012,0.11374103844374259
TabPFN-TS,315,168,1917.0141,1219.7453,15138.630952380952,0.08057170452445454,0.126630611845287
TabPFN-TS,290,24,780.5266,520.9719,11255.541666666666,0.04628581328456723,0.06934598290471732
TabPFN-TS,290,48,812.1523,602.2167,11390.9375,0.05286805410002469,0.071298108693863
TabPFN-TS,290,168,1822.3728,1089.5842,11793.77380952381,0.09238639112445328,0.15451990426748577
TabPFN-TS,179,24,641.6304,474.5846,10713.291666666666,0.04429867259906892,0.05989106055950747
TabPFN-TS,179,48,583.9203,464.0289,10727.625,0.04325551088894327,0.05443146083126507
TabPFN-TS,179,168,843.855,725.1149,10976.940476190477,0.06605801512477998,0.07687524605151708
TabPFN-TS,119,24,179.3582,141.0015,10409.708333333334,0.013545192188381837,0.017229896771043057
TabPFN-TS,119,48,280.0469,225.2491,10531.104166666666,0.02138893476269701,0.026592358746807574
TabPFN-TS,119,168,526.7837,418.8226,10688.47619047619,0.03918450044106247,0.049285201240321125
TabPFN-TS,314,24,480.4996,385.4187,7330.25,0.05257920261928311,0.06555023362095426
TabPFN-TS,314,48,499.8355,385.6601,7309.6875,0.052760135094694544,0.06837987260057288
TabPFN-TS,314,168,1594.6547,971.9586,8043.922619047619,0.12083142094112755,0.19824341624370365
TabPFN-TS,317,24,19.469,11.8139,45.041666666666664,0.2622882516188714,0.4322442183163738
TabPFN-TS,317,48,22.1672,12.8259,39.375,0.3257371428571429,0.562976507936508
TabPFN-TS,317,168,33.2363,19.591,42.642857142857146,0.4594204355108878,0.7794107202680066
TabPFN-TS,240,24,71.3018,45.8871,966.75,0.04746532195500387,0.07375412464442721
TabPFN-TS,240,48,62.6682,44.4252,969.9375,0.04580212642567175,0.0646105548037889
TabPFN-TS,240,168,74.6863,61.9068,990.9107142857143,0.06247464994323403,0.07537137193418753
TabPFN-TS,26,24,27.1173,20.7039,289.5833333333333,0.0714954820143885,0.09364247482014389
TabPFN-TS,26,48,41.4248,27.4462,299.625,0.09160183562786817,0.1382554860241969
TabPFN-TS,26,168,42.3807,31.0752,302.7261904761905,0.10265117778913838,0.1399968067953911
TabPFN-TS,203,24,34.4196,28.9603,737.2916666666666,0.03927929923707262,0.046683831590844875
TabPFN-TS,203,48,36.0039,29.0225,739.875,0.03922622064537929,0.04866213887480993
TabPFN-TS,203,168,63.617,48.2984,764.1607142857143,0.06320450540976327,0.08325081204869955
TabPFN-TS,134,24,99.9322,72.7168,380.2083333333333,0.19125514520547948,0.26283537534246576
TabPFN-TS,134,48,113.9292,84.4561,382.25,0.22094466971877044,0.29804892086330936
TabPFN-TS,134,168,135.7251,101.0691,318.80357142857144,0.31702624768946397,0.42573268358259114
TabPFN-TS,133,24,1749.1233,1409.8417,10882.916666666666,0.12954631034878825,0.16072192350396264
TabPFN-TS,133,48,1744.6825,1399.9488,10897.291666666666,0.12846759018869366,0.16010239547288127
TabPFN-TS,133,168,1809.4154,1548.1694,10532.994047619048,0.1469828420106208,0.17178547636310618
TabPFN-TS,220,24,35.7677,28.7749,643.375,0.04472492714202448,0.055593860501262866
TabPFN-TS,220,48,37.216,29.1011,650.0208333333334,0.04476948815743085,0.05725354956571905
TabPFN-TS,220,168,67.4866,52.1416,677.3988095238095,0.07697326784003936,0.0996260977302883
TabPFN-TS,29,24,105.678,93.493,181.33333333333334,0.5155863970588235,0.5827830882352941
TabPFN-TS,29,48,107.9965,96.0789,202.95833333333334,0.4733922397864915,0.5321116813795935
TabPFN-TS,29,168,114.3526,104.3139,152.20833333333334,0.6853363263071448,0.7512900082124281
TabPFN-TS,62,24,12.4456,9.6646,157.625,0.06131387787470262,0.07895701823949247
TabPFN-TS,62,48,15.1668,9.9643,158.25,0.062965560821485,0.09584075829383887
TabPFN-TS,62,168,14.0412,10.2159,158.75595238095238,0.0643497131716096,0.08844518765700574
TabPFN-TS,269,24,9.4257,7.6188,303.375,0.025113473423980223,0.031069468479604453
TabPFN-TS,269,48,10.0875,8.0926,306.0,0.026446405228758168,0.032965686274509805
TabPFN-TS,269,168,21.5629,10.5781,304.9761904761905,0.03468500273245374,0.0707035521898665
SeasonalNaive,313,24,10674.365711054374,7387.5,160037.5,0.046161056002499416,0.06669915308008668
SeasonalNaive,313,48,12876.836438608152,9475.0,162718.75,0.058229306702515846,0.07913554177750352
SeasonalNaive,313,168,44006.97252654834,27798.214285714286,185339.88095238095,0.1499850660466132,0.2374393050239143
SeasonalNaive,155,24,2938.754044375496,2505.5,68197.625,0.03673881605114548,0.04309173588340497
SeasonalNaive,155,48,3261.9401403408165,2836.9791666666665,67988.39583333333,0.041727402623548196,0.04797789535051147
SeasonalNaive,155,168,8004.415894337563,5360.25,72612.46428571429,0.0738199708924432,0.11023473687440112
SeasonalNaive,236,24,2809.5878182276724,2216.875,46083.291666666664,0.04810583011377045,0.060967602717058644
SeasonalNaive,236,48,2929.9251519165696,2425.2291666666665,45068.8125,0.05381169443207909,0.06501003663934056
SeasonalNaive,236,168,3618.002719536212,3102.154761904762,45445.32142857143,0.06826125692125572,0.07961221542294071
SeasonalNaive,167,24,919.5786852321738,787.625,22328.791666666668,0.035273964294977894,0.041183540021333016
SeasonalNaive,167,48,782.2248318098832,661.2291666666666,22571.5625,0.02929478925823884,0.03465532489431705
SeasonalNaive,167,168,2058.98250125546,1422.75,23553.589285714286,0.06040480636481701,0.08741693150369542
SeasonalNaive,186,24,976.1515848815012,675.0,21295.75,0.03169646525715225,0.045837858956904606
SeasonalNaive,186,48,1715.9482740358658,1261.8541666666667,21867.0,0.0577058657642414,0.07847204801920088
SeasonalNaive,186,168,1852.3842165474975,1421.2142857142858,22300.440476190477,0.06373032349884185,0.08306491607308086
SeasonalNaive,315,24,2530.958053122704,1740.1666666666667,15169.458333333334,0.11471514858528788,0.1668456445515383
SeasonalNaive,315,48,2912.5813615245156,1976.1875,15534.0625,0.12721639944476856,0.18749643639740188
SeasonalNaive,315,168,2134.3796745748155,1404.7142857142858,15138.630952380952,0.09279004753685188,0.14098894948219393
SeasonalNaive,290,24,383.4637097127532,309.5833333333333,11255.541666666666,0.02750496977414829,0.03406888100715602
SeasonalNaive,290,48,592.8026828830427,463.5625,11390.9375,0.04069572851224932,0.0520416061349685
SeasonalNaive,290,168,898.4766108464345,599.8988095238095,11793.77380952381,0.05086572111798296,0.07618228273302045
SeasonalNaive,179,24,1169.4077382732394,917.5416666666666,10713.291666666666,0.08564516819060435,0.10915484938319513
SeasonalNaive,179,48,1364.9568292929025,984.6875,10727.625,0.09178988825578821,0.1272375599718393
SeasonalNaive,179,168,1007.1559468078796,762.3392857142857,10976.940476190477,0.06944915911385663,0.09175197305592121
SeasonalNaive,119,24,355.61800666820386,189.0,10409.708333333334,0.01815612829370019,0.034162148955649944
SeasonalNaive,119,48,650.7931378966233,456.5,10531.104166666666,0.0433477812749138,0.06179723679464982
SeasonalNaive,119,168,648.7447999608092,538.922619047619,10688.47619047619,0.050420902796959786,0.0606957239179579
SeasonalNaive,314,24,884.013951624445,724.8333333333334,7330.25,0.09888248468105909,0.12059806304347669
SeasonalNaive,314,48,724.9686774842988,539.6666666666666,7309.6875,0.07382896555655309,0.09917916155571614
SeasonalNaive,314,168,1455.4111675628528,867.2619047619048,8043.922619047619,0.10781579408885295,0.18093301446193796
SeasonalNaive,317,24,20.256686138984666,14.916666666666666,45.041666666666664,0.33117483811285847,0.4497321621976244
SeasonalNaive,317,48,15.438048235879217,10.666666666666666,39.375,0.27089947089947086,0.3920774155143928
SeasonalNaive,317,168,15.04635693923473,9.821428571428571,42.642857142857146,0.2303182579564489,0.3528458913723387
SeasonalNaive,240,24,35.07610772781572,27.5,966.75,0.028445823635893458,0.03628250088214711
SeasonalNaive,240,48,47.13058101346372,35.375,969.9375,0.03647142212771441,0.04859135873544813
SeasonalNaive,240,168,65.06791323942495,52.44047619047619,990.9107142857143,0.05292149477693079,0.06566475899529288
SeasonalNaive,26,24,19.00767388889726,15.041666666666666,289.5833333333333,0.05194244604316547,0.06563801055158766
SeasonalNaive,26,48,23.774548716361927,17.770833333333332,299.625,0.059310248922263935,0.07934768032160844
SeasonalNaive,26,168,27.342514427866636,20.517857142857142,302.7261904761905,0.06777694757953517,0.09032094112787752
SeasonalNaive,203,24,44.56642981737113,34.833333333333336,737.2916666666666,0.047244984458886696,0.060446132558175034
SeasonalNaive,203,48,67.91876274884086,52.041666666666664,739.875,0.07033845807287267,0.09179761817717974
SeasonalNaive,203,168,66.2894536609457,51.36309523809524,764.1607142857143,0.06721504295873935,0.08674805236868083
SeasonalNaive,134,24,77.09409834740919,51.333333333333336,380.2083333333333,0.13501369863013699,0.20276803948907623
SeasonalNaive,134,48,98.1521989904794,65.89583333333333,382.25,0.17238936123828208,0.2567748829051129
SeasonalNaive,134,168,88.79453946102338,51.57738095238095,318.80357142857144,0.16178420060120613,0.2785242933858348
SeasonalNaive,133,24,798.7004809897971,633.7083333333334,10882.916666666666,0.05822964125732226,0.07339029650352284
SeasonalNaive,133,48,825.3715325031914,666.8333333333334,10897.291666666666,0.061192574607605105,0.07574097837794785
SeasonalNaive,133,168,785.9234521370689,643.2083333333334,10532.994047619048,0.061066049256785514,0.0746153893739952
SeasonalNaive,220,24,80.69154230772888,60.958333333333336,643.375,0.0947477494980895,0.12541914483423958
SeasonalNaive,220,48,62.82780700719494,44.375,650.0208333333334,0.06826704272298964,0.09665506670764902
SeasonalNaive,220,168,66.77351556532261,52.11904761904762,677.3988095238095,0.0769399752203369,0.09857341735256714
SeasonalNaive,29,24,85.35660489967955,63.0,181.33333333333334,0.3474264705882353,0.4707165711379387
SeasonalNaive,29,48,69.99866070147343,47.6875,202.95833333333334,0.23496202011907205,0.3448917792722977
SeasonalNaive,29,168,54.10439644137724,37.42857142857143,152.20833333333334,0.24590356262954127,0.35546277432057316
SeasonalNaive,62,24,12.374368670764582,8.291666666666666,157.625,0.05260375363468146,0.07850511448542162
SeasonalNaive,62,48,14.93457956109467,10.166666666666666,158.25,0.06424433912585571,0.09437333055983994
SeasonalNaive,62,168,14.757766316982616,10.077380952380953,158.75595238095238,0.06347718495744442,0.09295882198841736
SeasonalNaive,269,24,0.0,0.0,303.375,0.0,0.0
SeasonalNaive,269,48,0.0,0.0,306.0,0.0,0.0
SeasonalNaive,269,168,0.0,0.0,304.9761904761905,0.0,0.0
